fiscal_year,fiscal_quarter,close_first,close_last,close_max,close_min,close_mean,close_std,volume_sum,volume_mean,price_range_mean,volatility_20d_mean,rsi_14_mean,return_1d_mean,return_1d_std,revenue_mac,revenue_services,revenue_wearables_other,revenue_ipad,revenue_iphone,revenue_total,share_mac,share_services,share_wearables_other,share_ipad,share_iphone
1981,Q1,0.0983894914388656,0.1167844235897064,0.1232007145881652,0.086411640048027,0.10418107303289263,0.01315453706325603,1344851200,103450092.3076923,0.00042781367905280767,,,0.015526723399609116,0.04993938948757272,,,,,,,,,,,
1981,Q2,0.1180677190423011,0.083845131099224,0.1180677190423011,0.074006013572216,0.0945464885763583,0.011334867390018186,1631324800,26311690.322580647,0.0005933728766715146,0.00631860316349529,43.70058067433932,-0.004776937411991359,0.03350768858207403,,,,,,,,,,,
1981,Q3,0.0829895809292793,0.0889781489968299,0.1133616268634796,0.0829895809292793,0.09925195941376304,0.00773040567864582,2077913600,32982755.555555556,0.0005771639918531874,0.004789778195735239,55.89023747969009,0.0013837854865085208,0.030000194226419537,,,,,,,,,,,
1981,Q4,0.0881226137280464,0.0521890148520469,0.0894058644771575,0.0487669967114925,0.07414646947290743,0.01122291038426075,1959731200,30620800.0,0.0005280443870042125,0.005890389553963772,32.90499456346815,-0.0076302480667134924,0.036473957343250304,,,,,,,,,,,
1982,Q1,0.0521890148520469,0.0757169872522354,0.078284278512001,0.0521890148520469,0.06550390832126135,0.004895613821890542,2527974400,39499600.0,0.0005012863986052218,0.0036019222449839624,56.16947048494687,0.006339585770888914,0.03221325256660473,,,,,,,,,,,
1982,Q2,0.0752892643213272,0.0577505826950073,0.0752892643213272,0.0483392365276813,0.06281482386252567,0.005888021112584301,2672297600,43101574.19354839,0.0004967582856709919,0.003719575708723068,38.539478790944,-0.0037787670802606806,0.034378064099189067,,,,,,,,,,,
1982,Q3,0.0607448704540729,0.0436339527368545,0.0607448704540729,0.0436339527368545,0.05054612049744238,0.005117330038060545,3797136000,60272000.0,0.000482095894678373,0.0024825429559100585,39.585408581683474,-0.0041651765967928535,0.02351200817633501,,,,,,,,,,,
1982,Q4,0.043206188827753,0.0624558813869953,0.0645946487784385,0.0376446321606636,0.051888510293792885,0.00877696644030326,5237769600,81840150.0,0.00046117169941900315,0.0034305379348832142,57.88905927158486,0.0061376029196774816,0.032500004271960474,,,,,,,,,,,
1983,Q1,0.0633113980293273,0.1022400334477424,0.115928940474987,0.0633113980293273,0.09647799574304367,0.013552931854354675,9657804800,150903200.0,0.004752400077603421,0.006947499258204694,63.16813031164501,0.008458304455371815,0.038599436186705915,,,,,,,,,,,
1983,Q2,0.097533993422985,0.1445899903774261,0.1646959632635116,0.0941119268536567,0.13882516762093888,0.01955450879627038,10380652800,164772266.66666666,0.006016100831850505,0.008433568550962016,57.71315578098616,0.006065629406118137,0.03365363272716124,,,,,,,,,,,
1983,Q3,0.140740156173706,0.1672624349594116,0.2147461324930191,0.1347507983446121,0.17871061322234924,0.020506718400735327,8230723200,130646400.0,0.006722293927377284,0.009887833281208538,57.215032671129485,0.002804696403817629,0.031705913116095955,,,,,,,,,,,
1983,Q4,0.168545663356781,0.0791397839784622,0.168545663356781,0.0778565555810928,0.1215366935357451,0.023217430408335196,14100979200,220327800.0,0.006416736512163278,0.011350424655080791,33.668443464605176,-0.01024593789321323,0.05098985995976049,,,,,,,,,,,
1984,Q1,0.0791397839784622,0.0834173485636711,0.0855561196804046,0.0611726269125938,0.07395188202933656,0.00587970925338428,11800656000,187312000.0,0.004250621727820046,0.006374784389964527,50.48744468251723,0.0018231871225594049,0.044530371538505725,,,,,,,,,,,
1984,Q2,0.0876948684453964,0.084700621664524,0.099245011806488,0.0795675590634346,0.08998343431287335,0.0048386763563651345,9436067200,149778844.44444445,0.004277744172035055,0.004594438260483108,51.18391790956194,0.0006883460224832253,0.03016120363089752,,,,,,,,,,,
1984,Q3,0.085128366947174,0.0906899198889732,0.113790214061737,0.0804230868816375,0.09844393886270973,0.008695030112098422,11707516800,185833600.0,0.00427786718943316,0.005025912602092935,51.19264583815107,0.0015757596959946382,0.03169896396677103,,,,,,,,,,,
1984,Q4,0.0876948684453964,0.0859838500618934,0.1026677787303924,0.0825618281960487,0.09199333865018114,0.004511194021247621,10447315200,165830400.0,0.0038364837225573793,0.004109202723134749,46.40281004643294,-0.00037782026672810945,0.03128339528139485,,,,,,,,,,,
1985,Q1,0.083845131099224,0.0996727496385574,0.0996727496385574,0.0748615115880966,0.08655215357430274,0.005300420195729241,10388134400,162314600.0,0.0018982885709760314,0.0037959235098693374,49.10131085270882,0.0027027747682078686,0.028253045197416622,,,,,,,,,,,
1985,Q2,0.0953951999545097,0.0757169872522354,0.1048065274953842,0.0735782608389854,0.0913519485583228,0.010793257768166573,15715392000,253474064.51612905,0.002401126752431976,0.004376140952994913,44.89451220389106,-0.00397695719549922,0.02983249053005425,,,,,,,,,,,
1985,Q3,0.074006013572216,0.0616003572940826,0.078284278512001,0.0504780150949955,0.06575610192995218,0.008058290937441691,13318547200,211405511.1111111,0.0016635598591331253,0.003924364547794724,41.6385551240641,-0.002681658607193906,0.03446714332174459,,,,,,,,,,,
1985,Q4,0.0620281435549259,0.053900808095932,0.0620281435549259,0.049622505903244,0.054817065123527714,0.0036790843363783375,6216537600,98675200.0,0.000889505284237581,0.0023018834406654588,47.336039260480185,-0.0018977370339181014,0.0211429411745542,,,,,,,,,,,
1986,Q1,0.053900808095932,0.0752892643213272,0.0770002603530883,0.051333513110876,0.06517645483836526,0.006844653316955407,10241795200,160028050.0,0.0014571560409717844,0.002803806794078011,61.24236187470574,0.0055216039948620295,0.02434520597929108,,,,,,,,,,,
1986,Q2,0.0761447697877883,0.0966784730553627,0.0966784730553627,0.0757169872522354,0.08409757692305764,0.005701611864973903,13976995200,229131068.852459,0.0026999206053691166,0.002841458534322246,62.397215642211236,0.004336545307812694,0.021752838099290895,,,,,,,,,,,
1986,Q3,0.0932564288377761,0.1227730140089988,0.1330398470163345,0.0915454253554344,0.11373633670154953,0.012963205425895614,13480096000,210626500.0,0.00414409157376222,0.0052249043478356984,59.78783686512379,0.004043256736515597,0.02496446988215192,,,,,,,,,,,
1986,Q4,0.1210619881749153,0.114645667374134,0.129190057516098,0.1043788120150566,0.11760637932457026,0.0062193827495790515,12913353600,201771150.0,0.0042777757133481455,0.0051218080507757216,50.48860226665428,-0.0006014973134097862,0.03081869256582872,,,,,,,,,,,
1987,Q1,0.1167844235897064,0.1386014074087143,0.1497237831354141,0.1112228259444236,0.12764587532728908,0.01281387206945083,12952777600,202387150.0,0.00367627230142027,0.004875941515474301,57.34516661177145,0.0031953726501579675,0.021515679186255268,,,,,,,,,,,
1987,Q2,0.1398846954107284,0.2207348048686981,0.2395575046539306,0.1398846954107284,0.20022917875359134,0.02917673222160438,20844409600,336200154.83870965,0.008659058175775348,0.011238546885511859,62.681449401692305,0.008116709214529222,0.03470398283186821,,,,,,,,,,,
1987,Q3,0.2284349650144577,0.2776239812374115,0.2879064083099365,0.2284349650144577,0.26297397911548615,0.015083074971076586,14149654400,224597688.8888889,0.008909546256944572,0.008995056492428669,59.78960903975287,0.003911636802819639,0.023371030537494106,,,,,,,,,,,
1987,Q4,0.2741967737674713,0.3878032267093658,0.3946671783924103,0.2553454637527466,0.3273886223323643,0.0393046320029111,9265043200,144766300.0,0.01270253349068346,0.014403944456632546,60.46385694175321,0.005604017461379697,0.027554507540508564,,,,,,,,,,,
1988,Q1,0.3998148441314697,0.2889073193073272,0.4066789746284485,0.1921857148408889,0.2756370562128722,0.05357926063360543,15512201600,242378150.0,0.018688358357199446,0.028815589403522232,48.37241284558037,-0.002408138025803641,0.06518625456460377,,,,,,,,,,,
1988,Q2,0.3078241348266601,0.2756925523281097,0.3230774402618408,0.2656914889812469,0.2922139796945784,0.015785186701211366,14472169600,229716977.7777778,0.01196679317449373,0.012556503816545467,53.811603279509164,-0.00034888083598520454,0.028123037160933197,,,,,,,,,,,
1988,Q3,0.2670768201351166,0.3193997740745544,0.3202638030052185,0.2624262273311615,0.28879917519433157,0.0161440567873226,9471168000,150336000.0,0.008227341642313953,0.01028139085168798,52.91130174824582,0.0025313139473891145,0.019841691043177706,,,,,,,,,,,
1988,Q4,0.3211267292499542,0.2992454171180725,0.3263058960437774,0.2646505534648895,0.29531261045485735,0.014416869213281815,7900054400,123438350.0,0.008034484606184616,0.008567030145244259,46.44023006133177,-0.0008457614223698906,0.01873045343873432,,,,,,,,,,,
1989,Q1,0.2940558195114136,0.2792232632637024,0.2940558195114136,0.2506075501441955,0.271022038327323,0.009765799324941506,9449585600,149993422.2222222,0.0075724087592793175,0.008976578975074524,48.29171196459125,-0.0009696062283031144,0.016195615019080276,,,,,,,,,,,
1989,Q2,0.2800903618335724,0.2478197664022445,0.3035035729408264,0.2347767353057861,0.26257377790827907,0.020239945169455292,16091779200,259544825.80645162,0.007854768046302654,0.008531947181737578,43.737482206907266,-0.0016681932631729419,0.022396123272737666,,,,,,,,,,,
1989,Q3,0.2434723377227783,0.2875784635543823,0.3459649682044983,0.2399944812059402,0.2984615720342845,0.028059352522165727,13161086400,205641975.0,0.009154235526711973,0.012758133374831598,64.55288585438144,0.0025300829491481922,0.02022629878140699,,,,,,,,,,,
1989,Q4,0.2840922176837921,0.310971736907959,0.3214540779590606,0.2666637003421783,0.2969503696002657,0.015879774184900053,9061785600,143837866.66666666,0.008349281477603384,0.010040718258689315,52.90164397590858,0.0013751760217365666,0.016441782571545587,,,,,,,,,,,
1990,Q1,0.3100982010364532,0.2469385415315628,0.3459124863147735,0.2364304512739181,0.3032198110743174,0.03134331878153975,12591174400,199859911.1111111,0.011478856048381588,0.01346823404593307,41.68047429620522,-0.003342314075051919,0.024921855282707503,,,,,,,,,,,
1990,Q2,0.2609492242336273,0.2828739881515503,0.2978079915046692,0.2267987132072448,0.25198185160046527,0.020663063815072668,10787862400,171235911.1111111,0.009187420235408222,0.010695019003144996,56.03687865106916,0.0024851166750066303,0.02593112631796815,,,,,,,,,,,
1990,Q3,0.2828739881515503,0.3153724074363708,0.3153724074363708,0.2695639133453369,0.28704542394668336,0.009706966357884303,11710160000,185875555.55555555,0.009033495816328136,0.00928509881853849,50.933458878670436,0.0019703425094766253,0.022175053052095606,,,,,,,,,,,
1990,Q4,0.3100864589214325,0.2049931734800338,0.3338715136051178,0.1996912360191345,0.2722481290499369,0.034604363637074066,9499100800,150779377.7777778,0.01071106459470645,0.014338443159686513,39.89254957951017,-0.006519322325072904,0.02441450447139623,,,,,,,,,,,
1991,Q1,0.2155957072973251,0.3049714267253876,0.3191561102867126,0.1767178028821945,0.24784723366610703,0.03964625952848822,12404817600,193825275.0,0.010590276385538454,0.015146411500270785,60.755871599752076,0.006820830110842562,0.03472210254983028,,,,,,,,,,,
1991,Q2,0.3085174858570099,0.4832949042320251,0.4975092709064483,0.3049714267253876,0.4065436974900668,0.05393537717194704,17793686400,291699777.0491803,0.0166750094270245,0.020566363684048346,68.75450856851725,0.007974511699491357,0.028715129045443117,,,,,,,,,,,
1991,Q3,0.4868483245372772,0.2957068979740143,0.5170544981956482,0.2930350303649902,0.37420673202723265,0.06946850118327232,19307556800,301680575.0,0.014199632592232815,0.026310778721134246,36.93980150154101,-0.006997164435024211,0.03557213779368321,,,,,,,,,,,
1991,Q4,0.3028319180011749,0.3535065352916717,0.3910094201564789,0.3010505735874176,0.3504377971403301,0.023966592978907717,10349214400,161706475.0,0.011800121050494246,0.014091699545122974,56.64763373395448,0.003100785713094394,0.025027545401174262,,,,,,,,,,,
1992,Q1,0.3624335825443268,0.4035727679729461,0.4062572121620178,0.3410087823867798,0.36618039570748806,0.01581501807977661,9897193600,154643650.0,0.012119154117232028,0.012358960406703309,51.56802640072308,0.002383037762405664,0.025137868939161152,,,,,,,,,,,
1992,Q2,0.4259441792964935,0.417775422334671,0.5011513829231262,0.4152058362960815,0.45615137332961675,0.017129920298620628,10223819200,162282844.44444445,0.01287950652575263,0.01716238109488302,55.77023392806931,0.000778118146104799,0.021602673677852718,,,,,,,,,,,
1992,Q3,0.4231550693511963,0.3449535369873047,0.4500505030155182,0.3180041909217834,0.4020061105016678,0.03707686183635586,11486798400,182330133.33333334,0.013029371042494488,0.01901324392099248,38.29459653871233,-0.0027355376829333125,0.024632859315988354,,,,,,,,,,,
1992,Q4,0.3521403074264526,0.3251644670963287,0.3566896617412567,0.3116534948348999,0.33060583798214793,0.011354038825446583,9435003200,147421925.0,0.010287947042494876,0.01155918402089319,49.83695070576071,-0.0006654066630342513,0.02273615488894311,,,,,,,,,,,
1993,Q1,0.3188589215278625,0.4314656853675842,0.4377847909927368,0.3125542104244232,0.38764885393902654,0.03837745318516043,9992292800,156129575.0,0.010886775331520647,0.013650791667370425,61.20198082038541,0.004627452534152861,0.020235388977169727,,,,,,,,,,,
1993,Q2,0.4206339120864868,0.3727017343044281,0.4693771004676819,0.3690835237503052,0.41213657923283115,0.023947535223030163,13855072000,223468903.22580644,0.012198482992390978,0.013066891489345108,45.34971897959458,-0.0021425556748839066,0.02085580637574131,,,,,,,,,,,
1993,Q3,0.37451171875,0.2864568531513214,0.4251702725887298,0.282830148935318,0.36176807066750905,0.04164886052042229,14789353600,234751644.44444445,0.012517079379795218,0.021665230677011586,44.34897434908352,-0.0037995769594880223,0.027076758646819982,,,,,,,,,,,
1993,Q4,0.2755785882472992,0.1702627092599868,0.2792044878005981,0.1702627092599868,0.20555341499857602,0.029874457652630197,14494099200,226470300.0,0.009266293310080725,0.01684310488180761,36.80908740769437,-0.007317995232074421,0.03780594306642397,,,,,,,,,,,
1994,Q1,0.1657105237245559,0.2138222754001617,0.2476548999547958,0.164800077676773,0.21520900935865933,0.022873417567288768,13314403200,208037550.0,0.009431705442135094,0.012057520396266076,52.467751470074646,0.004199789308849785,0.03683866378773929,,,,,,,,,,,
1994,Q2,0.218390867114067,0.2439361661672592,0.2797013521194458,0.2138222754001617,0.2533522271920764,0.018142103377750213,16874480000,267848888.8888889,0.009782159145236623,0.01133430913066011,55.472054415407264,0.0025294195710908315,0.030149244676618808,,,,,,,,,,,
1994,Q3,0.2439361661672592,0.1951827555894851,0.2457701563835144,0.1850551962852478,0.2167990712388869,0.017376960910729683,12075582400,194767458.06451613,0.009900725172408972,0.01063723560986069,37.5094107094084,-0.003218302040837353,0.027593590548699164,,,,,,,,,,,
1994,Q4,0.1896590441465377,0.2489808648824691,0.2688444256782532,0.1896590441465377,0.2426050663925707,0.023576040856347708,12655608000,197743875.0,0.007740752558256063,0.009020701771828331,60.49301057324465,0.004090876289825728,0.02414576786522575,,,,,,,,,,,
1995,Q1,0.2448236644268036,0.2891119122505188,0.3196569383144378,0.2448236644268036,0.29088997509744424,0.017635869009210197,15550225600,246828977.7777778,0.010841023866394468,0.013008180887757834,51.92455508449101,0.002753182469457513,0.02808395272084515,,,,,,,,,,,
1995,Q2,0.2844789922237396,0.262031227350235,0.3465641438961029,0.2555273473262787,0.29841275536824785,0.02299031571257205,20458592000,324739555.5555556,0.01080509135312968,0.015238909761792986,47.00008666205004,-0.001115334609289219,0.030020297480640997,,,,,,,,,,,
1995,Q3,0.2638894915580749,0.3461514413356781,0.368047297000885,0.2518099546432495,0.30976279198177276,0.028308713160768318,17580920000,279062222.2222222,0.00982184879084511,0.011756844497066772,62.632123319900494,0.0046823908492933195,0.022847228083901036,,,,,,,,,,,
1995,Q4,0.3498782813549042,0.2784239649772644,0.3652521967887878,0.2681472599506378,0.3248107362361181,0.026112652889109102,18303980800,290539377.7777778,0.010328880204231337,0.012485588536234606,43.106704905589545,-0.0031135353431424794,0.025810630193692254,,,,,,,,,,,
1996,Q1,0.2812275886535644,0.2389909029006958,0.3101910352706909,0.2389909029006958,0.27560789339126096,0.019513713109657205,17923046400,284492800.0,0.009541079808392406,0.01240507543444006,47.18224452732151,-0.002107483420829127,0.02499646464510995,,,,,,,,,,,
1996,Q2,0.2408652007579803,0.1841637790203094,0.2624216079711914,0.1790093034505844,0.21568711929851106,0.023048879059384658,18299064000,290461333.3333333,0.008637621499158957,0.012126766175229736,38.09280839548974,-0.003677515026847148,0.03020318678678886,,,,,,,,,,,
1996,Q3,0.1911932229995727,0.1574530005455017,0.213685929775238,0.1490176916122436,0.1868415564771682,0.013502454695060132,11144918400,176903466.66666666,0.006534434269959311,0.007874378238195886,45.86658774340323,-0.0020992180370343963,0.028000559463714773,,,,,,,,,,,
1996,Q4,0.1612015962600708,0.1663568168878555,0.1865066140890121,0.1265249550342559,0.16309648822061715,0.014281155286440772,11204412800,175068950.0,0.005771557212182334,0.010292193394182995,49.562400732153165,0.001600607945332113,0.04023196639961533,,,,,,,,,,,
1997,Q1,0.184632271528244,0.1565158367156982,0.1991591304540634,0.1565158367156982,0.18218674277886746,0.009046115246917737,12545825600,196028525.0,0.006582492311110928,0.007145620613764747,49.70908718171964,-0.0005475936923894218,0.028886158024911304,,,,,,,,,,,
1997,Q2,0.1574530005455017,0.1368337720632553,0.1630758792161941,0.1143410429358482,0.12691650515208475,0.008196482546744153,18149152000,297527081.9672131,0.004849399950128927,0.008076162994575918,39.57456048868032,-0.0015061253873474834,0.03695834944230708,,,,,,,,,,,
1997,Q3,0.1312108039855957,0.106842964887619,0.1462061703205108,0.106842964887619,0.1283369938610121,0.008951650981351337,8674736000,135542750.0,0.003975858291776255,0.004793796425285231,43.5089041803774,-0.003653393805554836,0.02044453146623294,,,,,,,,,,,
1997,Q4,0.0988771021366119,0.1626073271036148,0.2188411951065063,0.0979391038417816,0.15144891082309184,0.028662892369125934,28064153600,438502400.0,0.00703284652015991,0.013435307505165618,52.251954694570834,0.008179975776578316,0.059656218191758516,,,,,,,,,,,
1998,Q1,0.1614358574151992,0.0984085351228714,0.1785407662391662,0.0970019549131393,0.131774652400054,0.021952121475138364,17075318400,266801850.0,0.006038898729723066,0.009167634476004235,36.064020408976084,-0.007244511932425174,0.03374320436360811,,,,,,,,,,,
1998,Q2,0.1218383535742759,0.2061886489391327,0.2099372893571853,0.1190268918871879,0.16231957004695638,0.026637459479345902,28191721600,462159370.4918033,0.008511724906199782,0.012127275714108222,66.3123287975345,0.013310747756352208,0.049415309355162806,,,,,,,,,,,
1998,Q3,0.2061886489391327,0.2150916904211044,0.2319622635841369,0.187443733215332,0.20952074844685808,0.009766424985481798,18795067200,298334400.0,0.007527526483407819,0.008242049507784305,52.266630780899284,0.0009140684869501762,0.022180843043718767,,,,,,,,,,,
1998,Q4,0.2244641184806823,0.2858523726463318,0.3224041163921356,0.2174354195594787,0.27361701708287,0.02358666277219792,32228851200,503575800.0,0.014521388495979132,0.01762861760922718,59.98957432130767,0.005177534324060706,0.03842586085429387,,,,,,,,,,,
1999,Q1,0.2675759792327881,0.3069393038749695,0.3069393038749695,0.2310251891613006,0.26777398097328836,0.01821948544471073,35978555200,562164925.0,0.013919222987534945,0.013917297457621665,48.66261570458365,0.0019555331701065835,0.04160320612558302,,,,,,,,,,,
1999,Q2,0.3092829585075378,0.2694512009620666,0.3486461639404297,0.2413338422775268,0.2830020887929885,0.027887033066593212,33195915200,544195331.1475409,0.014311816907334936,0.01713791190849335,47.03621020742813,-0.0015119183438612955,0.03533507396257178,,,,,,,,,,,
1999,Q3,0.2703883945941925,0.3472396433353424,0.3716074824333191,0.2539863288402557,0.322251230005234,0.03356918854119125,31716496000,503436444.4444444,0.014229419489333593,0.018634579435125937,55.58015497507585,0.00467948701765846,0.03651877154166343,,,,,,,,,,,
1999,Q4,0.3397424221038818,0.4747018814086914,0.5927914977073669,0.3397424221038818,0.4560234802775085,0.06601575066475789,39678654400,619978975.0,0.020948385709741727,0.02980890948967914,64.01785784486695,0.00560389183734726,0.03761696020645342,,,,,,,,,,,
2000,Q1,0.4627520442008972,0.7708635330200195,0.8833297491073608,0.4627520442008972,0.6625414239242673,0.10919107715562196,32511640000,507994375.0,0.03403098150023167,0.04983011394221888,59.572198656862334,0.008331071360616959,0.0388247008930536,,,,,,,,,,,
2000,Q2,0.8392805457115173,1.0182899236679075,1.081083059310913,0.6537109017372131,0.8634939855999417,0.09629117842238788,28573316800,453544711.1111111,0.05419139417999177,0.046471999641866726,56.232625137825124,0.005572159912443255,0.048518780484902393,,,,,,,,,,,
2000,Q3,0.9995450973510742,0.7853906750679016,0.9995450973510742,0.6298120021820068,0.7994505971197098,0.10489498513055209,26575360000,421831111.1111111,0.05495010777095733,0.05968070341375187,44.82731691173233,-0.0031622040576806338,0.044114126745595394,,,,,,,,,,,
2000,Q4,0.7994489669799805,0.3861343264579773,0.9512787461280824,0.3861343264579773,0.802252971936786,0.0885018207277892,25899787200,411107733.3333333,0.04488613747457495,0.052969311520761564,53.810386802040625,-0.007081939829769346,0.07705251604478049,,,,,,,,,,,
2001,Q1,0.3636416494846344,0.2230584472417831,0.3636416494846344,0.2099372893571853,0.2766956282513482,0.04198166065611635,39253132800,623065600.0,0.019012200507731277,0.07536769584619515,34.51025941173802,-0.007691781113417682,0.04423294537206307,,,,,,,,,,,
2001,Q2,0.2230584472417831,0.3309510350227356,0.3448968827724457,0.2230584472417831,0.2942678315504904,0.026592997446529147,31532289600,508585316.12903225,0.019558352637295585,0.018244859472528012,57.979081108462495,0.007337867512804566,0.044389915862522646,,,,,,,,,,,
2001,Q3,0.3237534463405609,0.3486461639404297,0.3987305462360382,0.2924123406410217,0.3389940687588283,0.028497078014608386,26265691200,416915733.3333333,0.01982257419642962,0.021016990784870446,48.000500447426184,0.001635786620517976,0.04099349110217427,,,,,,,,,,,
2001,Q4,0.3583932220935821,0.2325803488492965,0.3763872981071472,0.2271823436021804,0.2868490999532958,0.03669250267488149,19315984800,327389572.88135594,0.015102220160508158,0.018144865944744317,42.16858781518584,-0.006070966782028041,0.0387277495329491,,,,,,,,,,,
2002,Q1,0.2330304384231567,0.328401505947113,0.3562937676906585,0.2246329337358474,0.291695709573105,0.031047005227951383,17543831200,274122362.5,0.014091160362404914,0.014922276104486848,57.9008912854074,0.0059029515040428535,0.03194158456873965,,,,,,,,,,,
2002,Q2,0.3493953645229339,0.354944497346878,0.3816358745098114,0.3116066753864288,0.35292718360821407,0.01812202278461271,21671384000,361189733.3333333,0.01554029983701432,0.015749759069512797,54.93397931681443,0.001797947809844983,0.032049137603846374,,,,,,,,,,,
2002,Q3,0.3667906522750854,0.2657209932804107,0.3915331065654754,0.2481762021780014,0.3425539762247354,0.0395502095911471,21107010400,329797037.5,0.013709273257218301,0.01584486696553744,41.16887625477539,-0.003951833175467839,0.03334448252833864,,,,,,,,,,,
2002,Q4,0.2558238208293915,0.2174354195594787,0.2810162007808685,0.2097869962453842,0.23052108101546762,0.0181167935313506,18561939200,290030300.0,0.010328143734406063,0.013779263247108932,44.4544531349287,-0.0026255394956845968,0.03170913802382176,,,,,,,,,,,
2003,Q1,0.217584952712059,0.2148859053850174,0.2582229375839233,0.2037894874811172,0.22614180250093338,0.01238557794787425,15673593600,244899900.0,0.008971499135256262,0.00818791641464916,49.28918895818476,0.00011811377814322806,0.024762883800936487,,,,,,,,,,,
2003,Q2,0.2219340056180954,0.2120366841554641,0.2289820164442062,0.2069385796785354,0.2185978137078832,0.004619117944182318,14188540800,232599029.5081967,0.006799603200147741,0.004588757639672428,50.349922663774066,-5.1776408278616305e-05,0.018404193330555572,,,,,,,,,,,
2003,Q3,0.212336465716362,0.2858144342899322,0.2892633378505707,0.196741446852684,0.24889709599434381,0.032530379483658785,24700222400,392067022.2222222,0.009649556345659492,0.013452151323662153,56.84601492043747,0.005119664916519549,0.027643645460728485,,,,,,,,,,,
2003,Q4,0.2862646579742431,0.3107072412967682,0.3463965952396393,0.2862646579742431,0.3148825066164136,0.01695320651626491,14873320000,232395625.0,0.010817884127007198,0.010837764071626592,58.014139874843664,0.0015788471164285968,0.02357262352688294,,,,,,,,,,,
2004,Q1,0.3117569088935852,0.3204541206359863,0.3721886277198791,0.2954120337963104,0.32673135632649064,0.02001548349077293,17468169600,272940150.0,0.010785040515606735,0.012681308046882146,46.299919814194936,0.0007422972804463469,0.02298276432480319,,,,,,,,,,,
2004,Q2,0.3191047608852386,0.4054787158966064,0.4186745285987854,0.3191047608852386,0.36083093718174963,0.02811667218264273,24475948000,394773354.83870965,0.011756964905817444,0.015152669293322311,60.60977039701255,0.004082448601744413,0.02390730320887403,,,,,,,,,,,
2004,Q3,0.4065285325050354,0.4879540205001831,0.505349338054657,0.386584460735321,0.4299312801130356,0.034288268951406915,22461684000,362285225.8064516,0.01376198410096945,0.015515263788287237,59.13696211274766,0.003253906357795419,0.02337328279909968,,,,,,,,,,,
2004,Q4,0.4843556582927704,0.5810762047767639,0.5810762047767639,0.4369692802429199,0.4981184625066817,0.0411919895282439,25381451200,396585175.0,0.014786962473593146,0.019786759317451136,55.8354081769736,0.003023914923913561,0.024592760759504655,,,,,,,,,,,
2005,Q1,0.5798771381378174,0.9657114148139954,1.0262938737869265,0.5741782784461975,0.8335143579170108,0.1394044521786593,49482585600,773165400.0,0.025724330202889282,0.04916780689879542,72.24367477224217,0.008384161409642151,0.029635475075854845,,,,,,,,,,,
2005,Q2,0.9490667581558228,1.2497267723083496,1.351545810699463,0.9490667581558228,1.185722969594549,0.11797491432480271,61833111200,1013657560.6557378,0.03653243837393029,0.05320993841609581,61.94806643121367,0.004541822751000272,0.02498949979727791,,,,,,,,,,,
2005,Q3,1.226333737373352,1.1039701700210571,1.311808466911316,1.023594617843628,1.1359622590243816,0.06842547023347258,43561008400,680640756.25,0.036504676190022844,0.05335543066382728,47.79605311097395,-0.0015485922229432313,0.027879775797637448,,,,,,,,,,,
2005,Q4,1.0946727991104126,1.6078202724456787,1.6147174835205078,1.0946727991104126,1.3711670320481062,0.13946120885369148,31842823600,497544118.75,0.035253522738505905,0.053078975858324676,66.79112084466111,0.006089740607434367,0.020171672013126654,,,,,,,,,,,
2006,Q1,1.6327123641967771,2.156055688858032,2.2487282752990723,1.477059006690979,1.9044454949242728,0.24687367602274746,45164039200,716889511.1111112,0.05231771915347648,0.07928435910094861,65.28499351187585,0.004949053499025084,0.02411799644275939,,,,,,,,,,,
2006,Q2,2.241831064224243,1.8810378313064573,2.566934108734131,1.7607742547988892,2.104147384243627,0.20004577436423185,63831700800,1029543561.2903225,0.07802027094141625,0.10405476455052817,44.8795210186861,-0.0018291859636402708,0.02741606015071631,,,,,,,,,,,
2006,Q3,1.8789390325546265,1.717586874961853,2.156055688858032,1.680098056793213,1.9203265016041104,0.14421027598758535,53664685200,851820400.0,0.06145780947120171,0.08228967839760841,45.83106646474143,-0.0011125462250765555,0.026106049675000426,,,,,,,,,,,
2006,Q4,1.7379810810089111,2.3087103366851807,2.327605724334717,1.5196465253829956,1.985725996986268,0.215755836664092,53088946400,842681688.8888888,0.05650215621075378,0.08931593584930118,61.25538875419212,0.004995392609835778,0.02458369596301803,,,,,,,,,,,
2007,Q1,2.245129108428955,2.544439554214477,2.7534780502319336,2.196244478225708,2.4842294095054505,0.16915643412744952,45113633600,716089422.2222222,0.059620327408834425,0.07865861958215338,58.22083595309984,0.0017002204384082302,0.017873670112584675,,,,,,,,,,,
2007,Q2,2.513249158859253,2.786468029022217,2.91213059425354,2.497354507446289,2.6548120975494385,0.11660055701081178,56850780000,931980000.0,0.062405923719458814,0.09449870371589618,53.877838924786566,0.0017186126214821047,0.021601602550028305,,,,,,,,,,,
2007,Q3,2.808661937713623,3.660107374191284,3.751579999923706,2.7063910961151123,3.2482775771428667,0.361219467497052,54104349600,858799200.0,0.07690559287327621,0.11560272189451809,66.77782689768675,0.004463548962101583,0.015987215735070677,,,,,,,,,,,
2007,Q4,3.636713981628418,4.602726936340332,4.633616924285889,3.5104520320892334,4.067375644804939,0.2413828246759591,69310595200,1100168177.7777777,0.13566906736585405,0.176508552841926,58.54006343026812,0.004045017640953695,0.028497453690320366,,,,,,,,,,,
2008,Q1,4.688799381256104,5.940627574920654,5.993110656738281,4.611422061920166,5.3560067266225815,0.37260810855972637,66730260800,1042660325.0,0.18833899954331002,0.2765870537994353,65.56991971457416,0.004355990136823352,0.027196265753188845,,,,,,,,,,,
2008,Q2,5.843454837799072,4.30371618270874,5.846154689788818,3.573432922363281,4.172914309579818,0.624989565936656,82967116400,1360116662.2950819,0.19336353919655155,0.2924073658444634,40.32303909158526,-0.004736520090380312,0.03272756876387614,,,,,,,,,,,
2008,Q3,4.484559535980225,5.02169942855835,5.697099685668945,4.4128828048706055,5.2054470255970955,0.40109142108129336,60850991600,950796743.75,0.1666798548818671,0.2208045284697077,59.506819826059534,0.0026835400135985545,0.02336917665347252,,,,,,,,,,,
2008,Q4,5.238834857940674,3.408783197402954,5.384892463684082,3.156856775283813,4.802803058177233,0.5227053430901114,56903078400,889110600.0,0.19975907387067027,0.2388972660063132,41.239411394472164,-0.005314614229018251,0.03733129956405274,,,,,,,,,,,
2009,Q1,3.2726218700408936,2.559735059738159,3.330205202102661,2.413978576660156,2.8472373001277447,0.21325134634206763,85260019600,1332187806.25,0.19060244624685463,0.26453463502906094,43.26912592536035,-0.003313761611467017,0.04875298709189723,,,,,,,,,,,
2009,Q2,2.721687793731689,3.152658224105835,3.295116901397705,2.345299243927002,2.8063847510541073,0.20937277577140576,47397789600,777012944.2622951,0.10736782533434472,0.1465024054305468,54.35905121666587,0.003881631092437478,0.030731019424446296,,,,,,,,,,,
2009,Q3,3.259726285934448,4.2716240882873535,4.338804244995117,3.259726285934448,3.881240731193906,0.27327867396907685,33954396000,538958666.6666666,0.10418791244970331,0.16495759472122787,62.85664004595254,0.005036832180537051,0.020425019775009427,,,,,,,,,,,
2009,Q4,4.283619403839111,5.558839797973633,5.58283281326294,4.060787677764893,4.925283692777157,0.4154344949157902,29096580800,454634075.0,0.09212865473867572,0.15051942622029146,68.56062722157083,0.004229387054417111,0.014650154987923464,,,,,,,,,,,
2010,Q1,5.424180507659912,6.320013523101807,6.347303867340088,5.424180507659912,5.916525229811668,0.21699898997818878,32804920400,512576881.25,0.11992662058537262,0.16338816289584326,56.57116762741443,0.0021492732816061452,0.017034037614086627,,,,,,,,,,,
2010,Q2,6.418383598327637,7.047893047332764,7.073386192321777,5.759779930114746,6.323763823900067,0.36333568551329526,38099247200,624577822.9508197,0.1323637946696953,0.20092234280273344,62.2790849814581,0.0019354264751733758,0.017232776668225067,,,,,,,,,,,
2010,Q3,7.076986789703369,7.543647766113281,8.219647407531738,7.073686599731445,7.639885236346532,0.3210100215184418,47101037200,747635511.1111112,0.2211150086986454,0.25896009947433685,62.00927190442759,0.0013281502896925824,0.02255746331363675,,,,,,,,,,,
2010,Q4,7.452176094055176,8.509956359863281,8.76698112487793,7.195750713348389,7.79482689499855,0.40965864290348214,37108744400,579824131.25,0.17050844107136048,0.2468894918627822,55.333769514680114,0.0019809147464411704,0.013981398198424219,,,,,,,,,,,
2011,Q1,8.473072052001953,9.673913955688477,9.761186599731444,8.356701850891113,9.342051237821579,0.32925253442735236,28715898400,448685912.5,0.13766821684637537,0.205073049904079,61.63506397316993,0.0020797351708554297,0.012353781134377571,,,,,,,,,,,
2011,Q2,9.884149551391602,10.452177047729492,10.890649795532228,9.798673629760742,10.367400461627591,0.26588157743780033,31443944000,507160387.0967742,0.17642469502990574,0.22061052703243214,57.68855513731939,0.0013554517972885,0.014684523277323495,,,,,,,,,,,
2011,Q3,10.333714485168455,10.067090034484863,10.587136268615724,9.456775665283203,10.125347652132549,0.25915461641404625,25429740000,403646666.6666667,0.17078235579638146,0.2099635492750943,45.30048013606062,-0.0005179337017925362,0.012597803637677157,,,,,,,,,,,
2011,Q4,10.294724464416504,11.436184883117676,12.399797439575195,10.294724464416504,11.411901742219925,0.5040095224487621,38773994000,605843656.25,0.2760348906948064,0.4001439285102462,63.17388627867521,0.0021906499165051116,0.019965019637836534,,,,,,,,,,,
2012,Q1,11.23464584350586,12.146373748779297,12.663418769836426,10.90384292602539,11.746249123225136,0.4023402196194848,28411661600,450978755.5555556,0.2300266417814846,0.34924905780626414,49.35919402902416,0.0011177513132163653,0.01810012441307395,,,,,,,,,,,
2012,Q2,12.333215713500977,17.981128692626953,18.523059844970703,12.333215713500977,15.105883706000544,1.9961149137379306,33812746800,545366883.8709677,0.2671137832161325,0.6041433894555582,79.86954679493864,0.0064498107760552715,0.01453342117600752,,,,,,,,,,,
2012,Q3,18.55335235595703,17.514772415161133,19.08120346069336,15.89885711669922,17.427500346350293,0.7102160628418885,34561161600,548589866.6666666,0.40098028343969044,0.494457414944525,48.9938986271851,-0.0001939233550441206,0.021491228257248328,,,,,,,,,,,
2012,Q4,17.770296096801758,20.09292984008789,21.147111892700195,17.241252899169922,19.259699170551603,1.136835942923694,26384862000,418807333.3333333,0.3060418248800982,0.4701037442195398,64.04129215110139,0.002272709970809776,0.013544252006657787,,,,,,,,,,,
2013,Q1,19.86069869995117,16.10206413269043,20.22394371032715,15.418858528137209,17.446851068927394,1.4140827255235326,37205434000,600087645.1612903,0.4580383388654339,0.7233397464752646,37.2185479962254,-0.003325460726646403,0.02209031938789819,,,,,,,,,,,
2013,Q2,16.61220932006836,13.471790313720703,16.61220932006836,12.783686637878418,14.151371574401855,0.9606617822663451,31644334400,527405573.3333333,0.3241956150468393,0.5198334338369537,44.244929077067134,-0.0026730161223682282,0.024056637937215665,,,,,,,,,,,
2013,Q3,13.053324699401855,12.147764205932615,14.116375923156738,11.885282516479492,13.158259719610214,0.5732930528620133,27429556000,428586812.5,0.30841032374486793,0.43712481646271667,44.17649482909273,-0.0014893467919953123,0.015930196250108053,,,,,,,,,,,
2013,Q4,12.536521911621094,14.701751708984377,15.657402992248535,12.536521911621094,14.278972938656807,0.9548535119147123,23227394400,362928037.5,0.26404572800787063,0.4771648559391346,59.791736713946264,0.00314473389811793,0.01799076061946263,,,,,,,,,,,
2014,Q1,15.04743194580078,17.401432037353516,17.682754516601562,14.83095932006836,16.37032963335514,0.8453427775963709,20120284800,314379450.0,0.25635991981674083,0.3792544879250624,62.61342673982601,0.002708010869343539,0.011993539737256087,,,,,,,,,,,
2014,Q2,17.15670394897461,16.747982025146484,17.287914276123047,15.501917839050291,16.579953381272613,0.43188145070281503,19648020000,322098688.52459013,0.25695764993632525,0.3799849634913533,49.31133907639856,-0.0005174574512087714,0.01474321151396381,,,,,,,,,,,
2014,Q3,16.901185989379883,20.41133499145508,20.70125389099121,16.161991119384766,18.655730958968874,1.4765414363143592,16998468400,269816958.73015875,0.2693554991954562,0.5119046340478014,64.0220739690824,0.0032414569974851164,0.014218431606760253,,,,,,,,,,,
2014,Q4,20.54092025756836,22.23900032043457,22.801877975463867,20.44647026062012,21.625629872083664,0.6816999170766882,13994332000,218661437.5,0.36318631946927354,0.4022867342589361,61.92075216630592,0.001419436537315533,0.012602250298901458,,,,,,,,,,,
2015,Q1,21.89244842529297,24.4703311920166,26.381311416625977,21.24790954589844,24.084895372390747,1.4334303253406169,13017132000,203392687.5,0.45819827860708606,0.634160457308156,60.02204517343872,0.001578569181747764,0.013030745305190801,,,,,,,,,,,
2015,Q2,24.237550735473636,27.6939640045166,29.60136032104492,23.497095108032227,26.844081503445985,1.8198378330566014,14321762800,234782996.72131148,0.5555176764943065,0.7949979148057819,57.13736848278102,0.002179880573635532,0.01745614224667651,,,,,,,,,,,
2015,Q3,27.653902053833008,28.03314208984375,29.62219619750977,27.653902053833008,28.546738427782817,0.47952758412591795,11315577200,179612336.5079365,0.43107499385591647,0.40965230588385554,50.61287317784249,0.00025668305888619546,0.011363272743707431,,,,,,,,,,,
2015,Q4,28.29462432861328,24.76322364807129,29.517162322998047,23.151262283325195,26.28645771741867,1.4637143065393587,15486588000,241977937.5,0.6506813976600847,0.7711997347275746,44.06110670299955,-0.0017082526863907812,0.021457310171283193,,,,,,,,,,,
2016,Q1,24.601577758789062,23.732858657836918,27.517942428588867,23.732858657836918,25.728018432855606,1.0243582362171537,11140271600,174066743.75,0.4927541986839932,0.6621691201523533,46.9448108572422,-0.0005436982232759878,0.015639885315264116,,,,,,,,,,,
2016,Q2,23.753150939941406,24.707195281982425,24.83641815185547,21.063308715820312,22.547777676191487,1.0076868656843376,11315040800,185492472.13114753,0.4980868446250504,0.6911320070097642,53.14122997541254,0.0008389090867861545,0.019032567942667486,,,,,,,,,,,
2016,Q3,24.93389320373535,21.80373954772949,25.41221618652344,20.60407257080078,22.616257309913635,1.3943302288294415,10210211600,159534556.25,0.3829225884756944,0.7567359668378687,44.91896257281613,-0.001843715022303228,0.014701271646055482,,,,,,,,,,,
2016,Q4,21.869873046875,25.923282623291016,26.50113296508789,21.66461563110352,24.23179516196251,1.3809692626011325,9135694800,142745231.25,0.3235701315036809,0.6006408190349326,61.80077399247841,0.0028017229082459884,0.013932171417605279,,,,,,,,,,,
2017,Q1,25.80175399780273,26.69482421875,27.11568260192871,24.364614486694336,26.087252117338636,0.7136924301539501,8068964000,128078793.65079366,0.3840053447158743,0.5362196883519053,55.86635508830731,0.0005131644816189984,0.009817827310795658,,,,,,,,,,,
2017,Q2,26.77088165283203,33.255088806152344,33.361572265625,26.740917205810547,30.438330342692712,2.1796195736336195,6798876000,109659290.32258065,0.303098338195325,0.6361673088248376,77.087235613085,0.0035950514094766433,0.00964484595241597,,,,,,,,,,,
2017,Q3,33.26434326171875,33.476036071777344,36.28392028808594,32.56527328491211,34.31285991365947,1.1868531273205865,6845856000,108664380.95238096,0.4503288846741688,0.6769701732220411,54.24114884864106,0.0001719413579548603,0.011628273364601134,,,,,,,,,,,
2017,Q4,33.35517501831055,35.96434783935547,38.28156280517578,33.17619323730469,36.15026304456923,1.4086116726382565,7053820000,111965396.82539682,0.5321204093120806,0.693286627295606,57.16556247909241,0.0012067594046563112,0.011784714260292506,,,,,,,,,,,
2018,Q1,35.892024993896484,39.63229370117188,41.31612396240234,35.81501007080078,39.0824353051564,1.8108073818103452,6544554000,103881809.52380952,0.49758550886992264,0.8202966771132264,58.94685884440763,0.0016035876047142555,0.011141995295378267,25198000000.0,39748000000.0,17381000000.0,18380000000.0,164888000000.0,265595000000.0,0.09487377397917883,0.1496564317852369,0.0654417440087351,0.06920310999830569,0.6208249402285435
2018,Q2,40.34189224243164,39.452903747558594,42.73085021972656,36.334869384765625,40.41795349121094,1.4991331064029287,9205205600,150905009.83606556,0.8172252307756989,1.1009313359345798,51.3042874595582,6.772072733801483e-05,0.01703306465003272,25198000000.0,39748000000.0,17381000000.0,18380000000.0,164888000000.0,265595000000.0,0.09487377397917883,0.1496564317852369,0.0654417440087351,0.06920310999830569,0.6208249402285435
2018,Q3,39.19424819946289,43.69585418701172,45.789642333984375,38.16901779174805,42.74813723564148,2.2798931293023887,7259020400,113422193.75,0.657679209173543,1.1879933680646009,55.30221862017662,0.0016852809769731171,0.013385499479677872,25198000000.0,39748000000.0,17381000000.0,18380000000.0,164888000000.0,265595000000.0,0.09487377397917883,0.1496564317852369,0.0654417440087351,0.06920310999830569,0.6208249402285435
2018,Q4,44.18446731567383,53.473594665527344,54.094215393066406,43.41493606567383,49.270812806628996,3.400415652097634,7091929200,112570304.76190476,0.7979965196689548,1.1915716518357635,65.38342324425211,0.003295267627758201,0.013207562343342943,25198000000.0,39748000000.0,17381000000.0,18380000000.0,164888000000.0,265595000000.0,0.09487377397917883,0.1496564317852369,0.0654417440087351,0.06920310999830569,0.6208249402285435
2019,Q1,53.83364868164063,37.49603271484375,54.97304534912109,34.90264129638672,46.01406599983336,5.948991952507418,10599989600,168253803.17460316,1.3293687011694422,1.8445375621872975,38.96789479930397,-0.0053010117683618815,0.025339350915242517,25740000000.0,46291000000.0,24482000000.0,21280000000.0,142381000000.0,260174000000.0,0.09893379046330533,0.17792323598822327,0.09409856480662941,0.081791416513564,0.547252992228278
2019,Q2,37.538818359375,45.34625625610352,46.57331466674805,33.79967498779297,40.434943464935806,3.2345238374448018,7806437600,127974386.8852459,0.75703322561065,1.357743543414641,63.40515178546881,0.003334801754962131,0.020663987043622205,25740000000.0,46291000000.0,24482000000.0,21280000000.0,142381000000.0,260174000000.0,0.09893379046330533,0.17792323598822327,0.09409856480662941,0.081791416513564,0.547252992228278
2019,Q3,45.65421676635742,47.430850982666016,50.55050659179688,41.5307502746582,46.62282556200784,2.1987318464445025,7043172000,111796380.95238096,0.8535490396176598,1.6129226995552182,58.90062051815664,0.0008439568262448222,0.016248385543655184,25740000000.0,46291000000.0,24482000000.0,21280000000.0,142381000000.0,260174000000.0,0.09893379046330533,0.17792323598822327,0.09409856480662941,0.081791416513564,0.547252992228278
2019,Q4,48.30078506469727,53.877586364746094,53.877586364746094,46.3332633972168,50.224122524261475,1.8448213559186093,6790001600,106093775.0,0.8905089729205187,1.0936597831531536,58.678044086725286,0.002131463818379176,0.0167048729909066,25740000000.0,46291000000.0,24482000000.0,21280000000.0,142381000000.0,260174000000.0,0.09893379046330533,0.17792323598822327,0.09409856480662941,0.081791416513564,0.547252992228278
2020,Q1,54.0267333984375,70.85167694091797,70.85167694091797,52.672393798828125,62.015456676483154,4.734700312985324,6615331600,103364556.25,0.908391784187711,1.5422897139005127,70.77805384493672,0.004351129701003072,0.011300430091837057,28622000000.0,53768000000.0,30620000000.0,23724000000.0,137781000000.0,274515000000.0,0.10426388357648944,0.1958654354042584,0.11154217438027066,0.08642150702147423,0.5019069996175073
2020,Q2,72.46825408935547,61.50054931640625,79.13397216796875,54.26433181762695,71.07181752112604,7.017845595318106,12233722000,197318096.77419356,2.354820511395705,3.220318586777148,54.53638542546544,-0.0014184759200552162,0.041778458287509916,28622000000.0,53768000000.0,30620000000.0,23724000000.0,137781000000.0,274515000000.0,0.10426388357648944,0.1958654354042584,0.11154217438027066,0.08642150702147423,0.5019069996175073
2020,Q3,58.26457214355469,88.4664306640625,88.88597106933594,58.26457214355469,75.09281800285218,8.148770105814139,9314610800,147850965.07936507,1.886048429816447,3.1275264694127913,67.22225108934012,0.006023299617026921,0.021979980823927995,28622000000.0,53768000000.0,30620000000.0,23724000000.0,137781000000.0,274515000000.0,0.10426388357648944,0.1958654354042584,0.11154217438027066,0.08642150702147423,0.5019069996175073
2020,Q4,88.29911804199219,112.54135131835938,130.39285278320312,88.29911804199219,105.96610283851624,11.19806532631931,10975589400,171493584.375,3.4713431458274506,5.592429549651069,62.519063678649516,0.0041552323191012186,0.028081631777851404,28622000000.0,53768000000.0,30620000000.0,23724000000.0,137781000000.0,274515000000.0,0.10426388357648944,0.1958654354042584,0.11154217438027066,0.08642150702147423,0.5019069996175073
2021,Q1,113.49370574951172,129.16734313964844,133.06118774414062,105.70003509521484,117.00909543037415,6.258952450547364,7339933400,114686459.375,2.9352895416445777,3.5496351234332244,57.872740690653664,0.0023858288975631622,0.02168589421097661,35190000000.0,68425000000.0,38367000000.0,31862000000.0,191973000000.0,365817000000.0,0.09619563880300806,0.18704707545029345,0.10488030900696249,0.08709819390569602,0.52477878283404
2021,Q2,125.9744644165039,119.08488464355467,139.3594207763672,113.44017791748048,125.06397197285636,6.532685665671676,6724535800,110238291.80327868,3.3202374164789124,4.043800683433183,45.251722143992474,-0.0011170783163552327,0.020899220483029172,35190000000.0,68425000000.0,38367000000.0,31862000000.0,191973000000.0,365817000000.0,0.09619563880300806,0.18704707545029345,0.10488030900696249,0.08709819390569602,0.52477878283404
2021,Q3,119.91355895996094,133.7500762939453,133.7500762939453,119.89263916015624,126.44578915550595,3.7341720423081757,5208382400,82672736.50793651,2.1628907674663433,3.0170950414893705,56.20846769936771,0.0019317736722785242,0.01326144064632072,35190000000.0,68425000000.0,38367000000.0,31862000000.0,191973000000.0,365817000000.0,0.09619563880300806,0.18704707545029345,0.10488030900696249,0.08709819390569602,0.52477878283404
2021,Q4,134.0528106689453,138.3907012939453,153.2469024658203,134.0528106689453,143.9048047065735,3.5936806049775813,5178413000,80912703.125,2.5534619017422697,3.1819735890040235,58.101647596481655,0.0006163657852044314,0.01299936122035761,35190000000.0,68425000000.0,38367000000.0,31862000000.0,191973000000.0,365817000000.0,0.09619563880300806,0.18704707545029345,0.10488030900696249,0.08709819390569602,0.52477878283404
2022,Q1,139.51539611816406,173.9215545654297,176.6248779296875,136.08255004882812,154.70832586288452,12.662395520408493,5700874900,89076170.3125,3.204372119299538,4.28873042319277,62.283899163009295,0.003688090277911999,0.015028018701546244,40177000000.0,78129000000.0,41241000000.0,29292000000.0,205489000000.0,394328000000.0,0.10188726136617232,0.19813201192915542,0.10458552271205697,0.07428333772899719,0.521111866263618
2022,Q2,178.2703094482422,171.24024963378906,178.2703094482422,147.7132110595703,164.8393067390688,6.791783337708234,5916762400,95431651.61290322,4.259817644637531,5.168294792836471,46.368513846113714,-7.193902513520631e-05,0.01915035512898253,40177000000.0,78129000000.0,41241000000.0,29292000000.0,205489000000.0,394328000000.0,0.10188726136617232,0.19813201192915542,0.10458552271205697,0.07428333772899719,0.521111866263618
2022,Q3,170.94602966308594,134.27847290039062,174.99635314941406,127.73738861083984,148.64240326419954,12.778864936890505,5837935700,94160253.22580644,4.527709171472145,6.263280935031492,42.74057576377328,-0.003590020805631274,0.025578366168864615,40177000000.0,78129000000.0,41241000000.0,29292000000.0,205489000000.0,394328000000.0,0.10188726136617232,0.19813201192915542,0.10458552271205697,0.07428333772899719,0.521111866263618
2022,Q4,136.44900512695312,135.92059326171875,171.6710662841797,135.92059326171875,154.28406286239624,9.16093490570309,5042087800,78782621.875,3.6169979431299035,5.585688509289868,56.56250279763635,0.0003733287178031595,0.019250960062752627,40177000000.0,78129000000.0,41241000000.0,29292000000.0,205489000000.0,394328000000.0,0.10188726136617232,0.19813201192915542,0.10458552271205697,0.07428333772899719,0.521111866263618
2023,Q1,140.10047912597656,127.99898529052734,153.17127990722656,124.16678619384766,140.69704316154358,6.565624802954482,5268718600,83630453.96825397,4.17887234410178,5.114254243402718,44.43786770282976,-0.0006384517725769257,0.025458989368079856,29357000000.0,85200000000.0,39845000000.0,28300000000.0,200583000000.0,383285000000.0,0.07659313565623492,0.222288897295746,0.1039565858303873,0.07383539663696727,0.5233259845806645
2023,Q2,123.21119689941406,162.6973114013672,162.6973114013672,123.16193389892578,145.4885624301049,9.71292281066318,4271118000,68889000.0,3.2583582911735447,4.679545075801405,60.74053138448405,0.003991442085608728,0.015311078420185649,29357000000.0,85200000000.0,39845000000.0,28300000000.0,200583000000.0,383285000000.0,0.07659313565623492,0.222288897295746,0.1039565858303873,0.07383539663696727,0.5233259845806645
2023,Q3,163.9503173828125,191.64370727539065,191.64370727539065,157.96142578125,172.0576408140121,8.462426429881539,3542524400,57137490.32258064,2.470752408035229,3.3707385564093597,65.85605701554009,0.0027094406358327363,0.01155720977252047,29357000000.0,85200000000.0,39845000000.0,28300000000.0,200583000000.0,383285000000.0,0.07659313565623492,0.222288897295746,0.1039565858303873,0.07383539663696727,0.5233259845806645
2023,Q4,190.1517791748047,169.3850860595703,194.0939178466797,168.61337280273438,181.31683688693576,7.830141037127036,3656594800,58041187.3015873,3.0388468062230265,4.682600032236615,46.66586129962422,-0.001868862187674032,0.013375961807429487,29357000000.0,85200000000.0,39845000000.0,28300000000.0,200583000000.0,383285000000.0,0.07659313565623492,0.222288897295746,0.1039565858303873,0.07383539663696727,0.5233259845806645
2024,Q1,171.8979949951172,190.7287750244141,196.256591796875,165.11111450195312,182.80759853786893,9.066718994260494,3335649700,52946820.634920634,2.596497451070839,3.9717135612858145,59.884611102273816,0.0019329476272789126,0.009824239256991869,29984000000.0,96169000000.0,37005000000.0,26694000000.0,201183000000.0,391035000000.0,0.07667855818532868,0.2459345071413045,0.09463347270704668,0.06826498906747477,0.5144884728988454
2024,Q2,183.90321350097656,170.09246826171875,193.35397338867188,167.63253784179688,180.25399104884414,7.267018288160935,3782196100,62003214.75409836,2.9621420874626354,4.370682160628676,38.14662424171686,-0.0017888164394840409,0.013239793753608259,29984000000.0,96169000000.0,37005000000.0,26694000000.0,201183000000.0,391035000000.0,0.07667855818532868,0.2459345071413045,0.09463347270704668,0.06826498906747477,0.5144884728988454
2024,Q3,168.65420532226562,209.19911193847656,215.2083282470703,163.6649169921875,185.12097337510852,16.00128874027101,4300607500,68263611.1111111,3.4763165969936214,5.3189423334758,62.419510465685505,0.003433122701526052,0.017220872252714084,29984000000.0,96169000000.0,37005000000.0,26694000000.0,201183000000.0,391035000000.0,0.07667855818532868,0.2459345071413045,0.09463347270704668,0.06826498906747477,0.5144884728988454
2024,Q4,215.28778076171875,231.69602966308597,233.23590087890625,205.83200073242188,221.952894449234,5.751893187944259,3507864500,54810382.8125,4.569184719727916,6.073748424766351,54.49761401790666,0.0017039970632075812,0.014687820305692809,29984000000.0,96169000000.0,37005000000.0,26694000000.0,201183000000.0,391035000000.0,0.07667855818532868,0.2459345071413045,0.09463347270704668,0.06826498906747477,0.5144884728988454
2025,Q1,224.9440460205078,249.2925262451172,257.853759765625,220.44932556152344,234.50557017326355,10.675300018476516,2800240400,43753756.25,3.633701576045334,4.866954064135168,62.14844490823768,0.0012060623941149485,0.011173871044746897,33708000000.0,109158000000.0,35686000000.0,28023000000.0,209586000000.0,416161000000.0,0.08099749856425759,0.2622975242754607,0.08575046676646779,0.06733692008621663,0.5036175903075973
2025,Q2,242.7521209716797,221.37301635742188,246.25791931152344,208.9654235839844,230.77485631306965,10.319608736342927,3177688200,52961470.0,5.724495974373386,8.094266981514668,41.96889590819964,-0.001813203938262647,0.018224837486375562,33708000000.0,109158000000.0,35686000000.0,28023000000.0,209586000000.0,416161000000.0,0.08099749856425759,0.2622975242754607,0.08575046676646779,0.06733692008621663,0.5036175903075973
2025,Q3,222.4293975830078,204.7389373779297,223.12701416015625,171.83241271972656,201.40680645358177,8.173900842919263,3903456100,62958969.35483871,5.765383245749658,8.150881426476857,47.289416637847765,-0.0007779301207194335,0.03162477651448928,33708000000.0,109158000000.0,35686000000.0,28023000000.0,209586000000.0,416161000000.0,0.08099749856425759,0.2622975242754607,0.08575046676646779,0.06733692008621663,0.5036175903075973
2025,Q4,207.3833770751953,254.38340759277344,256.6212158203125,201.95481872558597,225.58240842819214,15.324094284054016,3563551100,55680485.9375,4.193328401060068,6.252183157577796,63.38753093353306,0.0035157183175527577,0.015556766639683651,33708000000.0,109158000000.0,35686000000.0,28023000000.0,209586000000.0,416161000000.0,0.08099749856425759,0.2622975242754607,0.08575046676646779,0.06733692008621663,0.5036175903075973
2026,Q1,255.20260620117188,271.8599853515625,286.19000244140625,245.032470703125,268.3428359031677,9.822912969721862,2899249200,45300768.75,4.767298741290714,6.005677094058978,57.74018934925445,0.001097648083576329,0.010955780234779765,,,,,,,,,,,
2026,Q2,271.010009765625,248.0399932861328,271.010009765625,246.6999969482422,257.6739969889323,7.232363204660995,733352100,48890140.0,5.160667928059896,6.100370221766714,18.100366142917927,-0.0060441835057292,0.01030033592674635,,,,,,,,,,,
